{
  "linear_regression": {
    "r2_score": 0.7301,
    "mae": 2365.06,
    "rmse": 3111.08,
    "coefficients": {
      "Age": 1941.7874,
      "Gender": -127.2071,
      "BMI": 70.0587,
      "Blood_Pressure": 524.5667,
      "Cholesterol_Level": 515.0712,
      "Glucose_Level": 314.1741,
      "Smoking_Habit": 2467.342,
      "Physical_Activity_Level": 663.4917,
      "Family_Medical_History": 1349.8474,
      "Previous_Hospital_Visits": 1736.8502
    }
  },
  "decision_tree": {
    "accuracy": 0.91,
    "precision": 0.4,
    "recall": 0.25,
    "f1_score": 0.3077,
    "confusion_matrix": [
      [
        267,
        9
      ],
      [
        18,
        6
      ]
    ],
    "feature_importances": {
      "Age": 0.2932,
      "Gender": 0.0217,
      "BMI": 0.232,
      "Blood_Pressure": 0.0875,
      "Cholesterol_Level": 0.164,
      "Glucose_Level": 0.0879,
      "Smoking_Habit": 0.0,
      "Physical_Activity_Level": 0.0185,
      "Family_Medical_History": 0.0611,
      "Previous_Hospital_Visits": 0.034
    }
  },
  "knn": {
    "best_k": 13,
    "accuracy": 0.9233,
    "precision_macro": 0.9276,
    "recall_macro": 0.8973,
    "f1_macro": 0.9102,
    "k_scores": {
      "1": 0.8767,
      "2": 0.85,
      "3": 0.9,
      "4": 0.8833,
      "5": 0.91,
      "6": 0.8967,
      "7": 0.9133,
      "8": 0.9033,
      "9": 0.9133,
      "10": 0.9,
      "11": 0.92,
      "12": 0.91,
      "13": 0.9233,
      "14": 0.9133,
      "15": 0.91,
      "16": 0.9067,
      "17": 0.91,
      "18": 0.9167,
      "19": 0.9067,
      "20": 0.91,
      "21": 0.91,
      "22": 0.9067,
      "23": 0.8967,
      "24": 0.9,
      "25": 0.9
    },
    "confusion_matrix": [
      [
        18,
        0,
        4
      ],
      [
        0,
        109,
        4
      ],
      [
        1,
        14,
        150
      ]
    ]
  },
  "kmeans": {
    "optimal_clusters": 2,
    "inertias": {
      "2": 11340.51,
      "3": 10384.96,
      "4": 9681.93,
      "5": 9119.82,
      "6": 8644.81,
      "7": 8231.41,
      "8": 7909.98,
      "9": 7677.65,
      "10": 7387.45
    },
    "silhouette_scores": {
      "2": 0.214,
      "3": 0.1755,
      "4": 0.1321,
      "5": 0.1315,
      "6": 0.1332,
      "7": 0.1363,
      "8": 0.1353,
      "9": 0.1331,
      "10": 0.1327
    },
    "cluster_sizes": {
      "0": 686,
      "1": 814
    },
    "cluster_centers": [
      [
        0.8360029858181446,
        -0.06687894596378424,
        0.567779213572316,
        0.7287159535843386,
        0.6810340480921065,
        0.5086649472151393,
        -0.041588333390459815,
        0.5417010044867189,
        0.03710049836006282,
        0.5648064749605015
      ],
      [
        -0.7045430568442839,
        0.05636235495228017,
        -0.47849697851426093,
        -0.6141267127258684,
        -0.5739426990063698,
        -0.42867832160882824,
        0.035048644601788026,
        -0.4565195197517072,
        -0.03126651335995429,
        -0.47599169757113535
      ]
    ]
  }
}